Id,Title,Category,Diagram,Interaction,Priority,State,Changed By,Description,Justification,Last Modified
1,Elevation Using Impersonation,Elevation Of Privilege,Diagram 1,HTTPS,High,Not Started,,Chat Application may be able to impersonate the context of Customer in order to gain additional privilege.,,Generated
44,Spoofing of Destination Data Store Support Document Store,Spoofing,Diagram 1,HTTPS,High,Not Started,,Support Document Store may be spoofed by an attacker and this may lead to data being written to the attacker's target instead of Support Document Store. Consider using a standard authentication mechanism to identify the destination data store.,,Generated
46,Weak Access Control for a Resource,Information Disclosure,Diagram 1,HTTPS,High,Not Started,,Improper data protection of Support Document Store can allow an attacker to read information not intended for disclosure. Review authorization settings.,,Generated
45,Spoofing of Source Data Store Support Document Store,Spoofing,Diagram 1,HTTPS,High,Not Started,,Support Document Store may be spoofed by an attacker and this may lead to incorrect data delivered to Document Preprocessor. Consider using a standard authentication mechanism to identify the source data store.,,Generated
52,Elevation Using Impersonation,Elevation Of Privilege,Diagram 1,HTTPS,High,Not Started,,RAG Orchestrator may be able to impersonate the context of Chat Application in order to gain additional privilege.,,Generated
51,Weak Authentication Scheme,Information Disclosure,Diagram 1,HTTPS,High,Not Started,,"Custom authentication schemes are susceptible to common weaknesses such as weak credential change management, credential equivalence, easily guessable credentials, null credentials, downgrade authentication or a weak credential change management system. Consider the impact and potential mitigations for your custom authentication scheme.",,Generated
50,Cross Site Scripting,Tampering,Diagram 1,HTTPS,High,Not Started,,The web server 'RAG Orchestrator' could be a subject to a cross-site scripting attack because it does not sanitize untrusted input.,,Generated
49,Collision Attacks,Tampering,Diagram 1,HTTPS,High,Not Started,,"Attackers who can send a series of packets or messages may be able to overlap data. For example, packet 1 may be 100 bytes starting at offset 0. Packet 2 may be 100 bytes starting at offset 25. Packet 2 will overwrite 75 bytes of packet 1. Ensure you reassemble data before filtering it, and ensure you explicitly handle these sorts of cases.",,Generated
48,Replay Attacks,Tampering,Diagram 1,HTTPS,High,Not Started,,Packets or messages without sequence numbers or timestamps can be captured and replayed in a wide variety of ways. Implement or utilize an existing communication protocol that supports anti-replay techniques (investigate sequence numbers before timers) and strong integrity.,,Generated
47,Chat Application Process Memory Tampered,Tampering,Diagram 1,HTTPS,High,Not Started,,"If Chat Application is given access to memory, such as shared memory or pointers, or is given the ability to control what RAG Orchestrator executes (for example, passing back a function pointer.), then Chat Application can tamper with RAG Orchestrator. Consider if the function could work with less access to memory, such as passing data rather than pointers. Copy in data provided, and then validate it.",,Generated
56,Potential Excessive Resource Consumption for Document Preprocessor or  Vector Database,Denial Of Service,Diagram 1,HTTPS,High,Not Started,,"Does Document Preprocessor or  Vector Database take explicit steps to control resource consumption? Resource consumption attacks can be hard to deal with, and there are times that it makes sense to let the OS do the job. Be careful that your resource requests don't deadlock, and that they do timeout.",,Generated
55,Weak Credential Storage,Information Disclosure,Diagram 1,HTTPS,High,Not Started,,"Credentials held at the server are often disclosed or tampered with and credentials stored on the client are often stolen. For server side, consider storing a salted hash of the credentials instead of storing the credentials themselves. If this is not possible due to business requirements, be sure to encrypt the credentials before storage, using an SDL-approved mechanism. For client side, if storing credentials is required, encrypt them and protect the data store in which they're stored",,Generated
54,Authorization Bypass,Information Disclosure,Diagram 1,HTTPS,High,Not Started,,"Can you access  Vector Database and bypass the permissions for the object? For example by editing the files directly with a hex editor, or reaching it via filesharing? Ensure that your program is the only one that can access the data, and that all other subjects have to use your interface.",,Generated
53,Spoofing of Destination Data Store  Vector Database,Spoofing,Diagram 1,HTTPS,High,Not Started,," Vector Database may be spoofed by an attacker and this may lead to data being written to the attacker's target instead of  Vector Database. Consider using a standard authentication mechanism to identify the destination data store.",,Generated
61,Elevation Using Impersonation,Elevation Of Privilege,Diagram 1,HTTPS,High,Not Started,,Language Model may be able to impersonate the context of RAG Orchestrator in order to gain additional privilege.,,Generated
60,Weak Authentication Scheme,Information Disclosure,Diagram 1,HTTPS,High,Not Started,,"Custom authentication schemes are susceptible to common weaknesses such as weak credential change management, credential equivalence, easily guessable credentials, null credentials, downgrade authentication or a weak credential change management system. Consider the impact and potential mitigations for your custom authentication scheme.",,Generated
59,Collision Attacks,Tampering,Diagram 1,HTTPS,High,Not Started,,"Attackers who can send a series of packets or messages may be able to overlap data. For example, packet 1 may be 100 bytes starting at offset 0. Packet 2 may be 100 bytes starting at offset 25. Packet 2 will overwrite 75 bytes of packet 1. Ensure you reassemble data before filtering it, and ensure you explicitly handle these sorts of cases.",,Generated
58,Replay Attacks,Tampering,Diagram 1,HTTPS,High,Not Started,,Packets or messages without sequence numbers or timestamps can be captured and replayed in a wide variety of ways. Implement or utilize an existing communication protocol that supports anti-replay techniques (investigate sequence numbers before timers) and strong integrity.,,Generated
57,RAG Orchestrator Process Memory Tampered,Tampering,Diagram 1,HTTPS,High,Not Started,,"If RAG Orchestrator is given access to memory, such as shared memory or pointers, or is given the ability to control what Language Model executes (for example, passing back a function pointer.), then RAG Orchestrator can tamper with Language Model. Consider if the function could work with less access to memory, such as passing data rather than pointers. Copy in data provided, and then validate it.",,Generated
66,Elevation Using Impersonation,Elevation Of Privilege,Diagram 1,HTTPS,High,Not Started,,Output Validation may be able to impersonate the context of Language Model in order to gain additional privilege.,,Generated
65,Weak Authentication Scheme,Information Disclosure,Diagram 1,HTTPS,High,Not Started,,"Custom authentication schemes are susceptible to common weaknesses such as weak credential change management, credential equivalence, easily guessable credentials, null credentials, downgrade authentication or a weak credential change management system. Consider the impact and potential mitigations for your custom authentication scheme.",,Generated
64,Collision Attacks,Tampering,Diagram 1,HTTPS,High,Not Started,,"Attackers who can send a series of packets or messages may be able to overlap data. For example, packet 1 may be 100 bytes starting at offset 0. Packet 2 may be 100 bytes starting at offset 25. Packet 2 will overwrite 75 bytes of packet 1. Ensure you reassemble data before filtering it, and ensure you explicitly handle these sorts of cases.",,Generated
63,Replay Attacks,Tampering,Diagram 1,HTTPS,High,Not Started,,Packets or messages without sequence numbers or timestamps can be captured and replayed in a wide variety of ways. Implement or utilize an existing communication protocol that supports anti-replay techniques (investigate sequence numbers before timers) and strong integrity.,,Generated
62,Language Model Process Memory Tampered,Tampering,Diagram 1,HTTPS,High,Not Started,,"If Language Model is given access to memory, such as shared memory or pointers, or is given the ability to control what Output Validation executes (for example, passing back a function pointer.), then Language Model can tamper with Output Validation. Consider if the function could work with less access to memory, such as passing data rather than pointers. Copy in data provided, and then validate it.",,Generated
67,Spoofing of Source Data Store  Vector Database,Spoofing,Diagram 1,HTTPS,High,Not Started,," Vector Database may be spoofed by an attacker and this may lead to incorrect data delivered to RAG Orchestrator. Consider using a standard authentication mechanism to identify the source data store.",,Generated
68,Cross Site Scripting,Tampering,Diagram 1,HTTPS,High,Not Started,,The web server 'RAG Orchestrator' could be a subject to a cross-site scripting attack because it does not sanitize untrusted input.,,Generated
69,Persistent Cross Site Scripting,Tampering,Diagram 1,HTTPS,High,Not Started,,The web server 'RAG Orchestrator' could be a subject to a persistent cross-site scripting attack because it does not sanitize data store ' Vector Database' inputs and output.,,Generated
70,Weak Access Control for a Resource,Information Disclosure,Diagram 1,HTTPS,High,Not Started,,Improper data protection of  Vector Database can allow an attacker to read information not intended for disclosure. Review authorization settings.,,Generated
71,Language Model Process Memory Tampered,Tampering,Diagram 1,HTTPS,High,Not Started,,"If Language Model is given access to memory, such as shared memory or pointers, or is given the ability to control what Tool Authorization executes (for example, passing back a function pointer.), then Language Model can tamper with Tool Authorization. Consider if the function could work with less access to memory, such as passing data rather than pointers. Copy in data provided, and then validate it.",,Generated
72,Replay Attacks,Tampering,Diagram 1,HTTPS,High,Not Started,,Packets or messages without sequence numbers or timestamps can be captured and replayed in a wide variety of ways. Implement or utilize an existing communication protocol that supports anti-replay techniques (investigate sequence numbers before timers) and strong integrity.,,Generated
73,Collision Attacks,Tampering,Diagram 1,HTTPS,High,Not Started,,"Attackers who can send a series of packets or messages may be able to overlap data. For example, packet 1 may be 100 bytes starting at offset 0. Packet 2 may be 100 bytes starting at offset 25. Packet 2 will overwrite 75 bytes of packet 1. Ensure you reassemble data before filtering it, and ensure you explicitly handle these sorts of cases.",,Generated
74,Weak Authentication Scheme,Information Disclosure,Diagram 1,HTTPS,High,Not Started,,"Custom authentication schemes are susceptible to common weaknesses such as weak credential change management, credential equivalence, easily guessable credentials, null credentials, downgrade authentication or a weak credential change management system. Consider the impact and potential mitigations for your custom authentication scheme.",,Generated
75,Elevation Using Impersonation,Elevation Of Privilege,Diagram 1,HTTPS,High,Not Started,,Tool Authorization may be able to impersonate the context of Language Model in order to gain additional privilege.,,Generated
79,Weak Authentication Scheme,Information Disclosure,Diagram 1,HTTPS,High,Not Started,,"Custom authentication schemes are susceptible to common weaknesses such as weak credential change management, credential equivalence, easily guessable credentials, null credentials, downgrade authentication or a weak credential change management system. Consider the impact and potential mitigations for your custom authentication scheme.",,Generated
78,Collision Attacks,Tampering,Diagram 1,HTTPS,High,Not Started,,"Attackers who can send a series of packets or messages may be able to overlap data. For example, packet 1 may be 100 bytes starting at offset 0. Packet 2 may be 100 bytes starting at offset 25. Packet 2 will overwrite 75 bytes of packet 1. Ensure you reassemble data before filtering it, and ensure you explicitly handle these sorts of cases.",,Generated
77,Replay Attacks,Tampering,Diagram 1,HTTPS,High,Not Started,,Packets or messages without sequence numbers or timestamps can be captured and replayed in a wide variety of ways. Implement or utilize an existing communication protocol that supports anti-replay techniques (investigate sequence numbers before timers) and strong integrity.,,Generated
76,Tool Authorization Process Memory Tampered,Tampering,Diagram 1,HTTPS,High,Not Started,,"If Tool Authorization is given access to memory, such as shared memory or pointers, or is given the ability to control what Support Tools executes (for example, passing back a function pointer.), then Tool Authorization can tamper with Support Tools. Consider if the function could work with less access to memory, such as passing data rather than pointers. Copy in data provided, and then validate it.",,Generated
80,Elevation Using Impersonation,Elevation Of Privilege,Diagram 1,HTTPS,High,Not Started,,Support Tools may be able to impersonate the context of Tool Authorization in order to gain additional privilege.,,Generated
81,Spoofing of Destination Data Store Customer DataStore,Spoofing,Diagram 1,HTTPS,High,Not Started,,Customer DataStore may be spoofed by an attacker and this may lead to data being written to the attacker's target instead of Customer DataStore. Consider using a standard authentication mechanism to identify the destination data store.,,Generated
82,Potential SQL Injection Vulnerability for Customer DataStore,Tampering,Diagram 1,HTTPS,High,Not Started,,SQL injection is an attack in which malicious code is inserted into strings that are later passed to an instance of SQL Server for parsing and execution. Any procedure that constructs SQL statements should be reviewed for injection vulnerabilities because SQL Server will execute all syntactically valid queries that it receives. Even parameterized data can be manipulated by a skilled and determined attacker.,,Generated
83,Authorization Bypass,Information Disclosure,Diagram 1,HTTPS,High,Not Started,,"Can you access Customer DataStore and bypass the permissions for the object? For example by editing the files directly with a hex editor, or reaching it via filesharing? Ensure that your program is the only one that can access the data, and that all other subjects have to use your interface.",,Generated
84,Potential Excessive Resource Consumption for Support Tools or Customer DataStore,Denial Of Service,Diagram 1,HTTPS,High,Not Started,,"Does Support Tools or Customer DataStore take explicit steps to control resource consumption? Resource consumption attacks can be hard to deal with, and there are times that it makes sense to let the OS do the job. Be careful that your resource requests don't deadlock, and that they do timeout.",,Generated
87,Spoofing of Source Data Store Customer DataStore,Spoofing,Diagram 1,HTTPS,High,Not Started,,Customer DataStore may be spoofed by an attacker and this may lead to incorrect data delivered to Support Tools. Consider using a standard authentication mechanism to identify the source data store.,,Generated
88,Weak Access Control for a Resource,Information Disclosure,Diagram 1,HTTPS,High,Not Started,,Improper data protection of Customer DataStore can allow an attacker to read information not intended for disclosure. Review authorization settings.,,Generated
90,Replay Attacks,Tampering,Diagram 1,HTTPS,High,Not Started,,Packets or messages without sequence numbers or timestamps can be captured and replayed in a wide variety of ways. Implement or utilize an existing communication protocol that supports anti-replay techniques (investigate sequence numbers before timers) and strong integrity.,,Generated
89,Support Tools Process Memory Tampered,Tampering,Diagram 1,HTTPS,High,Not Started,,"If Support Tools is given access to memory, such as shared memory or pointers, or is given the ability to control what Language Model executes (for example, passing back a function pointer.), then Support Tools can tamper with Language Model. Consider if the function could work with less access to memory, such as passing data rather than pointers. Copy in data provided, and then validate it.",,Generated
91,Collision Attacks,Tampering,Diagram 1,HTTPS,High,Not Started,,"Attackers who can send a series of packets or messages may be able to overlap data. For example, packet 1 may be 100 bytes starting at offset 0. Packet 2 may be 100 bytes starting at offset 25. Packet 2 will overwrite 75 bytes of packet 1. Ensure you reassemble data before filtering it, and ensure you explicitly handle these sorts of cases.",,Generated
92,Weak Authentication Scheme,Information Disclosure,Diagram 1,HTTPS,High,Not Started,,"Custom authentication schemes are susceptible to common weaknesses such as weak credential change management, credential equivalence, easily guessable credentials, null credentials, downgrade authentication or a weak credential change management system. Consider the impact and potential mitigations for your custom authentication scheme.",,Generated
93,Elevation Using Impersonation,Elevation Of Privilege,Diagram 1,HTTPS,High,Not Started,,Language Model may be able to impersonate the context of Support Tools in order to gain additional privilege.,,Generated
94,Spoofing of Destination Data Store  Vector Database,Spoofing,Diagram 1,HTTPS,High,Not Started,," Vector Database may be spoofed by an attacker and this may lead to data being written to the attacker's target instead of  Vector Database. Consider using a standard authentication mechanism to identify the destination data store.",,Generated
95,Authorization Bypass,Information Disclosure,Diagram 1,HTTPS,High,Not Started,,"Can you access  Vector Database and bypass the permissions for the object? For example by editing the files directly with a hex editor, or reaching it via filesharing? Ensure that your program is the only one that can access the data, and that all other subjects have to use your interface.",,Generated
96,Weak Credential Storage,Information Disclosure,Diagram 1,HTTPS,High,Not Started,,"Credentials held at the server are often disclosed or tampered with and credentials stored on the client are often stolen. For server side, consider storing a salted hash of the credentials instead of storing the credentials themselves. If this is not possible due to business requirements, be sure to encrypt the credentials before storage, using an SDL-approved mechanism. For client side, if storing credentials is required, encrypt them and protect the data store in which they're stored",,Generated
97,Potential Excessive Resource Consumption for RAG Orchestrator or  Vector Database,Denial Of Service,Diagram 1,HTTPS,High,Not Started,,"Does RAG Orchestrator or  Vector Database take explicit steps to control resource consumption? Resource consumption attacks can be hard to deal with, and there are times that it makes sense to let the OS do the job. Be careful that your resource requests don't deadlock, and that they do timeout.",,Generated
98,Potential Data Repudiation by Chat Application,Repudiation,Diagram 1,HTTPS,High,Not Started,,"Chat Application claims that it did not receive data from a source outside the trust boundary. Consider using logging or auditing to record the source, time, and summary of the received data.",,Generated
99,Potential Process Crash or Stop for Chat Application,Denial Of Service,Diagram 1,HTTPS,High,Not Started,,"Chat Application crashes, halts, stops or runs slowly; in all cases violating an availability metric.",,Generated
100,Data Flow HTTPS Is Potentially Interrupted,Denial Of Service,Diagram 1,HTTPS,High,Not Started,,An external agent interrupts data flowing across a trust boundary in either direction.,,Generated
101,Chat Application May be Subject to Elevation of Privilege Using Remote Code Execution,Elevation Of Privilege,Diagram 1,HTTPS,High,Not Started,,Customer may be able to remotely execute code for Chat Application.,,Generated
102,Elevation by Changing the Execution Flow in Chat Application,Elevation Of Privilege,Diagram 1,HTTPS,High,Not Started,,An attacker may pass data into Chat Application in order to change the flow of program execution within Chat Application to the attacker's choosing.,,Generated
103,Cross Site Request Forgery,Elevation Of Privilege,Diagram 1,HTTPS,High,Not Started,,"Cross-site request forgery (CSRF or XSRF) is a type of attack in which an attacker forces a user's browser to make a forged request to a vulnerable site by exploiting an existing trust relationship between the browser and the vulnerable web site.  In a simple scenario, a user is logged in to web site A using a cookie as a credential.  The other browses to web site B.  Web site B returns a page with a hidden form that posts to web site A.  Since the browser will carry the user's cookie to web site A, web site B now can take any action on web site A, for example, adding an admin to an account.  The attack can be used to exploit any requests that the browser automatically authenticates, e.g. by session cookie, integrated authentication, IP whitelisting. The attack can be carried out in many ways such as by luring the victim to a site under control of the attacker, getting the user to click a link in a phishing email, or hacking a reputable web site that the victim will visit. The issue can only be resolved on the server side by requiring that all authenticated state-changing requests include an additional piece of secret payload (canary or CSRF token) which is known only to the legitimate web site and the browser and which is protected in transit through SSL/TLS. See the Forgery Protection property on the flow stencil for a list of mitigations.",,Generated
110,Potential Data Repudiation by RAG Orchestrator,Repudiation,Diagram 1,HTTPS,High,Not Started,,"RAG Orchestrator claims that it did not receive data from a source outside the trust boundary. Consider using logging or auditing to record the source, time, and summary of the received data.",,Generated
111,Potential Process Crash or Stop for RAG Orchestrator,Denial Of Service,Diagram 1,HTTPS,High,Not Started,,"RAG Orchestrator crashes, halts, stops or runs slowly; in all cases violating an availability metric.",,Generated
112,Data Flow HTTPS Is Potentially Interrupted,Denial Of Service,Diagram 1,HTTPS,High,Not Started,,An external agent interrupts data flowing across a trust boundary in either direction.,,Generated
113,Data Store Inaccessible,Denial Of Service,Diagram 1,HTTPS,High,Not Started,,An external agent prevents access to a data store on the other side of the trust boundary.,,Generated
114,RAG Orchestrator May be Subject to Elevation of Privilege Using Remote Code Execution,Elevation Of Privilege,Diagram 1,HTTPS,High,Not Started,," Vector Database may be able to remotely execute code for RAG Orchestrator.",,Generated
115,Elevation by Changing the Execution Flow in RAG Orchestrator,Elevation Of Privilege,Diagram 1,HTTPS,High,Not Started,,An attacker may pass data into RAG Orchestrator in order to change the flow of program execution within RAG Orchestrator to the attacker's choosing.,,Generated
116,Potential Data Repudiation by Tool Authorization,Repudiation,Diagram 1,HTTPS,High,Not Started,,"Tool Authorization claims that it did not receive data from a source outside the trust boundary. Consider using logging or auditing to record the source, time, and summary of the received data.",,Generated
117,Potential Process Crash or Stop for Tool Authorization,Denial Of Service,Diagram 1,HTTPS,High,Not Started,,"Tool Authorization crashes, halts, stops or runs slowly; in all cases violating an availability metric.",,Generated
118,Data Flow HTTPS Is Potentially Interrupted,Denial Of Service,Diagram 1,HTTPS,High,Not Started,,An external agent interrupts data flowing across a trust boundary in either direction.,,Generated
119,Tool Authorization May be Subject to Elevation of Privilege Using Remote Code Execution,Elevation Of Privilege,Diagram 1,HTTPS,High,Not Started,,Language Model may be able to remotely execute code for Tool Authorization.,,Generated
120,Elevation by Changing the Execution Flow in Tool Authorization,Elevation Of Privilege,Diagram 1,HTTPS,High,Not Started,,An attacker may pass data into Tool Authorization in order to change the flow of program execution within Tool Authorization to the attacker's choosing.,,Generated
121,Cross Site Request Forgery,Elevation Of Privilege,Diagram 1,HTTPS,High,Not Started,,"Cross-site request forgery (CSRF or XSRF) is a type of attack in which an attacker forces a user's browser to make a forged request to a vulnerable site by exploiting an existing trust relationship between the browser and the vulnerable web site.  In a simple scenario, a user is logged in to web site A using a cookie as a credential.  The other browses to web site B.  Web site B returns a page with a hidden form that posts to web site A.  Since the browser will carry the user's cookie to web site A, web site B now can take any action on web site A, for example, adding an admin to an account.  The attack can be used to exploit any requests that the browser automatically authenticates, e.g. by session cookie, integrated authentication, IP whitelisting. The attack can be carried out in many ways such as by luring the victim to a site under control of the attacker, getting the user to click a link in a phishing email, or hacking a reputable web site that the victim will visit. The issue can only be resolved on the server side by requiring that all authenticated state-changing requests include an additional piece of secret payload (canary or CSRF token) which is known only to the legitimate web site and the browser and which is protected in transit through SSL/TLS. See the Forgery Protection property on the flow stencil for a list of mitigations.",,Generated
122,Potential Data Repudiation by Language Model,Repudiation,Diagram 1,HTTPS,High,Not Started,,"Language Model claims that it did not receive data from a source outside the trust boundary. Consider using logging or auditing to record the source, time, and summary of the received data.",,Generated
123,Potential Process Crash or Stop for Language Model,Denial Of Service,Diagram 1,HTTPS,High,Not Started,,"Language Model crashes, halts, stops or runs slowly; in all cases violating an availability metric.",,Generated
124,Data Flow HTTPS Is Potentially Interrupted,Denial Of Service,Diagram 1,HTTPS,High,Not Started,,An external agent interrupts data flowing across a trust boundary in either direction.,,Generated
125,Language Model May be Subject to Elevation of Privilege Using Remote Code Execution,Elevation Of Privilege,Diagram 1,HTTPS,High,Not Started,,Support Tools may be able to remotely execute code for Language Model.,,Generated
126,Elevation by Changing the Execution Flow in Language Model,Elevation Of Privilege,Diagram 1,HTTPS,High,Not Started,,An attacker may pass data into Language Model in order to change the flow of program execution within Language Model to the attacker's choosing.,,Generated
127,Cross Site Request Forgery,Elevation Of Privilege,Diagram 1,HTTPS,High,Not Started,,"Cross-site request forgery (CSRF or XSRF) is a type of attack in which an attacker forces a user's browser to make a forged request to a vulnerable site by exploiting an existing trust relationship between the browser and the vulnerable web site.  In a simple scenario, a user is logged in to web site A using a cookie as a credential.  The other browses to web site B.  Web site B returns a page with a hidden form that posts to web site A.  Since the browser will carry the user's cookie to web site A, web site B now can take any action on web site A, for example, adding an admin to an account.  The attack can be used to exploit any requests that the browser automatically authenticates, e.g. by session cookie, integrated authentication, IP whitelisting. The attack can be carried out in many ways such as by luring the victim to a site under control of the attacker, getting the user to click a link in a phishing email, or hacking a reputable web site that the victim will visit. The issue can only be resolved on the server side by requiring that all authenticated state-changing requests include an additional piece of secret payload (canary or CSRF token) which is known only to the legitimate web site and the browser and which is protected in transit through SSL/TLS. See the Forgery Protection property on the flow stencil for a list of mitigations.",,Generated
128,The  Vector Database Data Store Could Be Corrupted,Tampering,Diagram 1,HTTPS,High,Not Started,,Data flowing across HTTPS may be tampered with by an attacker. This may lead to corruption of  Vector Database. Ensure the integrity of the data flow to the data store.,,Generated
129,Data Store Denies  Vector Database Potentially Writing Data,Repudiation,Diagram 1,HTTPS,High,Not Started,," Vector Database claims that it did not write data received from an entity on the other side of the trust boundary. Consider using logging or auditing to record the source, time, and summary of the received data.",,Generated
130,Data Flow HTTPS Is Potentially Interrupted,Denial Of Service,Diagram 1,HTTPS,High,Not Started,,An external agent interrupts data flowing across a trust boundary in either direction.,,Generated
131,Data Store Inaccessible,Denial Of Service,Diagram 1,HTTPS,High,Not Started,,An external agent prevents access to a data store on the other side of the trust boundary.,,Generated
138,The Support Document Store Data Store Could Be Corrupted,Tampering,Diagram 1,HTTPS,High,Not Started,,Data flowing across HTTPS may be tampered with by an attacker. This may lead to corruption of Support Document Store. Ensure the integrity of the data flow to the data store.,,Generated
139,Data Store Denies Support Document Store Potentially Writing Data,Repudiation,Diagram 1,HTTPS,High,Not Started,,"Support Document Store claims that it did not write data received from an entity on the other side of the trust boundary. Consider using logging or auditing to record the source, time, and summary of the received data.",,Generated
140,Data Flow HTTPS Is Potentially Interrupted,Denial Of Service,Diagram 1,HTTPS,High,Not Started,,An external agent interrupts data flowing across a trust boundary in either direction.,,Generated
141,Data Store Inaccessible,Denial Of Service,Diagram 1,HTTPS,High,Not Started,,An external agent prevents access to a data store on the other side of the trust boundary.,,Generated
142,The  Vector Database Data Store Could Be Corrupted,Tampering,Diagram 1,HTTPS,High,Not Started,,Data flowing across HTTPS may be tampered with by an attacker. This may lead to corruption of  Vector Database. Ensure the integrity of the data flow to the data store.,,Generated
143,Data Store Denies  Vector Database Potentially Writing Data,Repudiation,Diagram 1,HTTPS,High,Not Started,," Vector Database claims that it did not write data received from an entity on the other side of the trust boundary. Consider using logging or auditing to record the source, time, and summary of the received data.",,Generated
144,Data Flow HTTPS Is Potentially Interrupted,Denial Of Service,Diagram 1,HTTPS,High,Not Started,,An external agent interrupts data flowing across a trust boundary in either direction.,,Generated
145,Data Store Inaccessible,Denial Of Service,Diagram 1,HTTPS,High,Not Started,,An external agent prevents access to a data store on the other side of the trust boundary.,,Generated
148,Data Flow HTTPS Is Potentially Interrupted,Denial Of Service,Diagram 1,HTTPS,High,Not Started,,An external agent interrupts data flowing across a trust boundary in either direction.,,Generated
147,External Entity Customer Potentially Denies Receiving Data,Repudiation,Diagram 1,HTTPS,High,Not Started,,"Customer claims that it did not receive data from a process on the other side of the trust boundary. Consider using logging or auditing to record the source, time, and summary of the received data.",,Generated
146,Spoofing of the Customer External Destination Entity,Spoofing,Diagram 1,HTTPS,High,Not Started,,Customer may be spoofed by an attacker and this may lead to data being sent to the attacker's target instead of Customer. Consider using a standard authentication mechanism to identify the external entity.,,Generated
